,,,,,,,,,,,,,,
,,,,,,,,,,,,,,
,"y=0.04, x=0.0399",,"y=0.06, x=0.0399",,"y=0.05, x=0.0399",,"y=0.035, x=0.0399",,"y=0.06, x=0.04",,"y=0.065, x=0.04",,"y=0.05, x=0.04",
0,"18997965418504700,0000000","1,89979654185","18997965418504700,0000000","1,899796542","18997965418504700,0000000","1,89979654185","18997965418504700,0000000","1,8997965419","18989219353479000,0000000","1,8989219353","19047745415406000,0000000","1,90477454154","18989219353479000,0000000","1,8989219353"
0.01,"18982487584888400,0000000","1,89824875849","18990547943420600,0000000","1,899054794","18999515838534900,0000000","1,89995158385","18928822552974200,0000000","1,8928822553","18979177394452600,0000000","1,8979177394","18989517886504600,0000000","1,89895178865","18990445449061100,0000000","1,8990445449"
0.02,"18987456541985000,0000000","1,89874565420","19010475217589900,0000000","1,901047522","19011046418010200,0000000","1,90110464180","19006658569290400,0000000","1,9006658569","18985464633357300,0000000","1,8985464633","19010618866088800,0000000","1,90106188661","19001675820497300,0000000","1,9001675820"
0.03,"19018654683232700,0000000","1,90186546832","19089501836862600,0000000","1,908950184","19034016895886200,0000000","1,90340168959","18958702210741700,0000000","1,8958702211","19014125517475400,0000000","1,9014125517","19018486193290500,0000000","1,90184861933","19023016846968300,0000000","1,9023016847"
0.04,"19047209831634400,0000000","1,90472098316","19128961828584000,0000000","1,912896183","19062123024795100,0000000","1,90621230248","18958193963611100,0000000","1,8958193964","19053920278152900,0000000","1,9053920278","19013231544081100,0000000","1,90132315441","19049684660820900,0000000","1,9049684661"
0.05,"19054523269998200,0000000","1,90545232700","19102339828981800,0000000","1,910233983","19084977550098300,0000000","1,90849775501","19022075058097400,0000000","1,9022075058","19064237984906800,0000000","1,9064237985","19069196200722800,0000000","1,90691962007","19071289797090000,0000000","1,9071289797"
0.06,"19021943590612200,0000000","1,90219435906","18895482969991900,0000000","1,889548297","19087011871697000,0000000","1,90870118717","18976364770484800,0000000","1,8976364770","19030303320139500,0000000","1,9030303320","19034124317765100,0000000","1,90341243178","19072724424950900,0000000","1,9072724425"
0.07,"18926243799132400,0000000","1,89262437991","18305987126347100,0000000","1,830598713","19055242482062500,0000000","1,90552424821","18882127601555600,0000000","1,8882127602","18938132658708200,0000000","1,8938132659","18925160641880300,0000000","1,89251606419","19042323366744000,0000000","1,9042323367"
0.08,"18776434764225900,0000000","1,87764347642","17177717220146300,0000000","1,717771722","18983307551064700,0000000","1,89833075511","18687597554152400,0000000","1,8687597554","18788693278092000,0000000","1,8788693278","18734934717758400,0000000","1,87349347178","18971440977667200,0000000","1,8971440978"
0.09,"18586387651540400,0000000","1,85863876515","15643788362865800,0000000","1,564378836","18876174731899400,0000000","1,88761747319","18435224421640900,0000000","1,8435224422","18594740799987900,0000000","1,8594740800","18486143538037400,0000000","1,84861435380","18872245238426700,0000000","1,8872245238"
0.1,"18381189627243400,0000000","1,83811896272","13682906206123200,0000000","1,368290621","18696026516630400,0000000","1,86960265166","18172629317601700,0000000","1,8172629318","18380685708233300,0000000","1,8380685708","18221286641792700,0000000","1,82212866418","18710274646859600,0000000","1,8710274647"
0.11,"18185724518702400,0000000","1,81857245187","11899792912266100,0000000","1,189979291","18474977140378600,0000000","1,84749771404","17923339127119500,0000000","1,7923339127","18171210522224500,0000000","1,8171210522","17966269456818900,0000000","1,79662694568","18476898489027700,0000000","1,8476898489"
0.12,"18009843178402200,0000000","1,80098431784","10309313796805600,0000000","1,03093138","18035729712596400,0000000","1,80357297126","17718771882571800,0000000","1,7718771883","17982825456326500,0000000","1,7982825456","17752065677206200,0000000","1,77520656772","18160058303316600,0000000","1,8160058303"
0.13,"17876304832192800,0000000","1,78763048322","9035841877345270,0000000","0,9035841877","17153326749308400,0000000","1,71533267493","17563403319212500,0000000","1,7563403319","17829966513772700,0000000","1,7829966514","17600372827370400,0000000","1,76003728274","17359510911484300,0000000","1,7359510911"
0.14,"17767403648417300,0000000","1,77674036484","8039517897441020,0000000","0,8039517897","16064249306653900,0000000","1,60642493067","17464969158104800,0000000","1,7464969158","17709876212990500,0000000","1,7709876213","17494465227389600,0000000","1,74944652274","16231744677987600,0000000","1,6231744678"
0.15,"17671597045770100,0000000","1,76715970458","7294858549075410,0000000","0,7294858549","14896511948290400,0000000","1,48965119483","17400130875823400,0000000","1,7400130876","17594794653699700,0000000","1,7594794654","17435282850354800,0000000","1,74352828504","15090402788722900,0000000","1,5090402789"
0.16,"17569720791000000,0000000","1,75697207910","6729976838782930,0000000","0,6729976839","13851722685718300,0000000","1,38517226857","17363488896065400,0000000","1,7363488896","17481747908912900,0000000","1,7481747909","17395566300173800,0000000","1,73955663002","14066600900465800,0000000","1,4066600900"
0.17,"17463819614856000,0000000","1,74638196149","6334461204308680,0000000","0,6334461204","13014358422052500,0000000","1,30143584221","17330513734534700,0000000","1,7330513735","17364171574405200,0000000","1,7364171574","17368822862807100,0000000","1,73688228628","13212064095545100,0000000","1,3212064096"
0.18,"17277761752196600,0000000","1,72777617522","6084283537823110,0000000","0,6084283538","12392162894868800,0000000","1,23921628949","17302954212682100,0000000","1,7302954213","17206820659119200,0000000","1,7206820659","17328222528756100,0000000","1,73282225288","12547589267923000,0000000","1,2547589268"
0.19,"17066376792822000,0000000","1,70663767928","5917439208881040,0000000","0,5917439209","11900138164569900,0000000","1,19001381646","17252261578612300,0000000","1,7252261579","17016927735450000,0000000","1,7016927735","17276926824582700,0000000","1,72769268246","12063324570358900,0000000","1,2063324570"
0.2,"16941866084330600,0000000","1,69418660843","5840895178034640,0000000","0,5840895178","11557427868653300,0000000","1,15574278687","17190026494470600,0000000","1,7190026494","16790304640700800,0000000","1,6790304641","17213070989987200,0000000","1,72130709900","11695971141382500,0000000","1,1695971141"
0.21,"16664168229978000,0000000","1,66641682300","5817047919363680,0000000","0,5817047919","11289689043629600,0000000","1,12896890436","17101419214508500,0000000","1,7101419215","16587006127761700,0000000","1,6587006128","17136235563169400,0000000","1,71362355632","11431427826977400,0000000","1,1431427827"
0.22,"16456811553040200,0000000","1,64568115530","5843074784945700,0000000","0,5843074785","11128227862099800,0000000","1,11282278621","17011705805526600,0000000","1,7011705806","16411967907568100,0000000","1,6411967908","17042901714610500,0000000","1,70429017146","11260368652430200,0000000","1,1260368652"
0.23,"16272858947243400,0000000","1,62728589472","5890595366287750,0000000","0,5890595366","11008076813932700,0000000","1,10080768139","16909697493805400,0000000","1,6909697494","16182066416294900,0000000","1,6182066416","16945091622047300,0000000","1,69450916220","11133820965549700,0000000","1,1133820966"
0.24,"16092682537970900,0000000","1,60926825380","5977308774236970,0000000","0,5977308774","10923750744385800,0000000","1,09237507444","16797033266788500,0000000","1,6797033267","16003033331445000,0000000","1,6003033331","16833084442413000,0000000","1,68330844424","11043134533161000,0000000","1,1043134533"
0.25,"15862237604172300,0000000","1,58622376042","6075477918571070,0000000","0,6075477919","10874225028566800,0000000","1,08742250286","16669293183614000,0000000","1,6669293184","15805294014051000,0000000","1,5805294014","16696430714739500,0000000","1,66964307147","10985335189126600,0000000","1,0985335189"
0.26,"15715515238403600,0000000","1,57155152384","6187335033388140,0000000","0,6187335033","10857079144925600,0000000","1,08570791449","16537053314495000,0000000","1,6537053314","15640824917847300,0000000","1,5640824918","16577736769935800,0000000","1,65777367699","10958628799818200,0000000","1,0958628800"
0.27,"15550857991349300,0000000","1,55508579913","6310054101040860,0000000","0,6310054101","10850071078418500,0000000","1,08500710784","16415128024621100,0000000","1,6415128025","15531551486529800,0000000","1,5531551487","16433008755402600,0000000","1,64330087554","10936816944371000,0000000","1,0936816944"
0.28,"15436112439771200,0000000","1,54361124398","6435590605855790,0000000","0,6435590606","10853369840382900,0000000","1,08533698404","16268983953552900,0000000","1,6268983954","15316722290654800,0000000","1,5316722291","16308303427757200,0000000","1,63083034278","10936580025469600,0000000","1,0936580025"
0.29,"15287928785307300,0000000","1,52879287853","6556052179817200,0000000","0,655605218","10857227221213800,0000000","1,08572272212","16130471596460900,0000000","1,6130471596","15216119606187300,0000000","1,5216119606","16131117602438000,0000000","1,61311176024","10926235865802300,0000000","1,0926235866"
0.3,"15180089925216800,0000000","1,51800899252","6688936382470570,0000000","0,6688936382","10863928873473500,0000000","1,08639288735","15959295135535600,0000000","1,5959295136","15064632015235600,0000000","1,5064632015","15992020426356600,0000000","1,59920204264","10933243635833400,0000000","1,0933243636"
0.31,"15040616169408300,0000000","1,50406161694","6813293013398970,0000000","0,6813293013","10874890838423900,0000000","1,08748908384","15810728840354500,0000000","1,5810728840","14933152933496300,0000000","1,4933152933","15839678069343000,0000000","1,58396780693","10940731931088000,0000000","1,0940731931"
0.32,"14906560487881000,0000000","1,49065604879","6936186627031470,0000000","0,6936186627","10890792608098300,0000000","1,08907926081","15654144146747900,0000000","1,5654144147","14791112767046100,0000000","1,4791112767","15674898964446800,0000000","1,56748989644","10947334346651800,0000000","1,0947334347"
0.33,"14772922991107100,0000000","1,47729229911","7057627130436060,0000000","0,705762713","10903335783248600,0000000","1,09033357832","15484479839341800,0000000","1,5484479839","14688064743088300,0000000","1,4688064743","15516144165479500,0000000","1,55161441655","10948321306319400,0000000","1,0948321306"
0.34,"14673351777533900,0000000","1,46733517775","7172326510238550,0000000","0,717232651","10912925849649800,0000000","1,09129258496","15296209184694900,0000000","1,5296209185","14555927156306500,0000000","1,4555927156","15339648849936400,0000000","1,53396488499","10947147714740900,0000000","1,0947147715"
35.000.000.000.000.000,"14537196309636600,0000000","1,45371963096","7284186257671080,0000000","0,7284186258","10919533356955900,0000000","1,09195333570","15111433066468800,0000000","1,5111433066","14440734511828700,0000000","1,4440734512","15178271999273900,0000000","1,51782719993","10947391602454700,0000000","1,0947391602"
0.36,"14397341717356700,0000000","1,43973417174","7386675633987290,0000000","0,7386675634","10923219783291500,0000000","1,09232197833","14937571661922400,0000000","1,4937571662","14315882469819300,0000000","1,4315882470","14973073799139800,0000000","1,49730737991","10942559723642000,0000000","1,0942559724"
0.37,"14264769073103700,0000000","1,42647690731","7491753133319860,0000000","0,7491753133","10922434395206200,0000000","1,09224343952","14736438341744900,0000000","1,4736438342","14156718637778800,0000000","1,4156718638","14796856489254100,0000000","1,47968564893","10930404903060500,0000000","1,0930404903"
0.38,"14119346572930700,0000000","1,41193465729","7585951824138320,0000000","0,7585951824","10916949475223200,0000000","1,09169494752","14531881862455600,0000000","1,4531881862","14013218567337800,0000000","1,4013218567","14592743558367000,0000000","1,45927435584","10920606468430800,0000000","1,0920606468"
0.39,"13973658241036200,0000000","1,39736582410","7676513306465760,0000000","0,7676513306","10905719596036400,0000000","1,09057195960","14334372999567300,0000000","1,4334373000","13859077635036200,0000000","1,3859077635","14395364971583600,0000000","1,43953649716","10902310420277100,0000000","1,0902310420"
0.4,"13832469931701700,0000000","1,38324699317","7757660335152810,0000000","0,7757660335","10890880118210300,0000000","1,08908801182","14139840213087400,0000000","1,4139840213","13725865254790200,0000000","1,3725865255","14190206706768400,0000000","1,41902067068","10883266472041200,0000000","1,0883266472"
41.000.000.000.000.000,"13670159939895400,0000000","1,36701599399","7833964398269880,0000000","0,7833964398","10869375658078900,0000000","1,08693756581","13942650394314300,0000000","1,3942650394","13567803690987800,0000000","1,3567803691","13990250218362500,0000000","1,39902502184","10857304608880400,0000000","1,0857304609"
0.42,"13501777034853300,0000000","1,35017770349","7904730288360700,0000000","0,7904730288","10844355853410600,0000000","1,08443558534","13754530144737700,0000000","1,3754530145","13408828269269400,0000000","1,3408828269","13792614372391000,0000000","1,37926143724","10828281189740600,0000000","1,0828281190"
0.43,"13345144953525000,0000000","1,33451449535","7968609550163030,0000000","0,796860955","10813532600457700,0000000","1,08135326005","13541954107232500,0000000","1,3541954107","13257598940870000,0000000","1,3257598941","13593880960722400,0000000","1,35938809607","10792132654668400,0000000","1,0792132655"
0.44,"13210027229350900,0000000","1,32100272294","8027581783010560,0000000","0,8027581783","10779169820658900,0000000","1,07791698207","13356877137140800,0000000","1,3356877137","13105192596889400,0000000","1,3105192597","13424848271463000,0000000","1,34248482715","10751621932218400,0000000","1,0751621932"
0.45,"13041205102360400,0000000","1,30412051024","8078693166082340,0000000","0,8078693166","10738845226565800,0000000","1,07388452266","13159162211392600,0000000","1,3159162211","12954720034863700,0000000","1,2954720035","13237605237082700,0000000","1,32376052371","10709005580660700,0000000","1,0709005581"
0.46,"12875618463237700,0000000","1,28756184632","8126111790209280,0000000","0,812611179","10694590763888800,0000000","1,06945907639","12986708391120700,0000000","1,2986708391","12784619968480600,0000000","1,2784619968","13055836122511300,0000000","1,30558361225","10661616943429900,0000000","1,0661616943"
47.000.000.000.000.000,"12696798676370400,0000000","1,26967986764","8167715516303270,0000000","0,8167715516","10647414072383600,0000000","1,06474140724","12822435098367900,0000000","1,2822435098","12637525358166400,0000000","1,2637525358","12874429327482100,0000000","1,28744293275","10612195681741300,0000000","1,0612195682"
0.48,"12557215961207800,0000000","1,25572159612","8203739591220370,0000000","0,8203739591","10595463021831700,0000000","1,05954630218","12643474384420700,0000000","1,2643474384","12467870679580500,0000000","1,2467870680","12717258997419700,0000000","1,27172589974","10560604808819600,0000000","1,0560604809"
0.49,"12400706328278600,0000000","1,24007063283","8234612988288620,0000000","0,8234612988","10539487312615000,0000000","1,05394873126","12462818495508600,0000000","1,2462818496","12316519349315700,0000000","1,2316519349","12546960008437700,0000000","1,25469600084","10505311386627400,0000000","1,0505311387"
0.5,"12239525221027700,0000000","1,22395252210","8260514983169170,0000000","0,8260514983","10484936887267200,0000000","1,04849368873","12311407673146600,0000000","1,2311407673","12167778376955700,0000000","1,2167778377","12399375611531400,0000000","1,23993756115","10448483471743700,0000000","1,0448483472"
0.51,"12095853049718200,0000000","1,20958530497","8285237908673870,0000000","0,8285237909","10428835079961800,0000000","1,04288350800","12154448516848000,0000000","1,2154448517","12026885888406300,0000000","1,2026885888","12218638186775200,0000000","1,22186381868","10390538125064800,0000000","1,0390538125"
0.52,"11943760206682500,0000000","1,19437602067","8303284532849850,0000000","0,8303284533","10369744699326600,0000000","1,03697446993","12000252539236800,0000000","1,2000252539","11891671140762900,0000000","1,1891671141","12085143454204300,0000000","1,20851434542","10331941885309900,0000000","1,0331941885"
0.53,"11821449091953500,0000000","1,18214490920","8318927278870060,0000000","0,8318927279","10305919377885100,0000000","1,03059193779","11858291795050200,0000000","1,1858291795","11752829352153200,0000000","1,1752829352","11923215936219400,0000000","1,19232159362","10271722815030000,0000000","1,0271722815"
0.54,"11671824976406400,0000000","1,16718249764","8331416271714470,0000000","0,8331416272","10245651275983600,0000000","1,02456512760","11715875603816300,0000000","1,1715875604","11623336046001700,0000000","1,1623336046","11788058781119100,0000000","1,17880587811","10211317910372100,0000000","1,0211317910"
0.55,"11541465189139600,0000000","1,15414651891","8340624524419990,0000000","0,8340624524","10184004601793100,0000000","1,01840046018","11577158221490400,0000000","1,1577158221","11498281228949400,0000000","1,1498281229","11654623687888500,0000000","1,16546236879","10152720797360600,0000000","1,0152720797"
0.56,"11410006378508600,0000000","1,14100063785","8346488596846530,0000000","0,8346488597","10124664720408400,0000000","1,01246647204","11456509489799000,0000000","1,1456509490","11359747251037600,0000000","1,1359747251","11533684199187800,0000000","1,15336841992","10093920668292400,0000000","1,0093920668"
5.700.000.000.000.000,"11289782816220000,0000000","1,12897828162","8352594217914690,0000000","0,8352594218","10062616648282200,0000000","1,00626166483","11329835743423300,0000000","1,1329835743","11248935797791000,0000000","1,1248935798","11403063544463700,0000000","1,14030635445","10034138586392900,0000000","1,0034138586"
0.58,"11163209594267200,0000000","1,11632095943","8355151734249070,0000000","0,8355151734","10003194303012900,0000000","1,00031943030","11215651268530700,0000000","1,1215651269","11131457805334700,0000000","1,1131457805","11285154983594000,0000000","1,12851549836","9973461705795040,0000000","0,9973461706"
0.59,"11049027378752200,0000000","1,10490273788","8356304932660120,0000000","0,8356304933","9944604218427630,0000000","0,99446042184","11099612385583700,0000000","1,1099612386","11021517498380100,0000000","1,1021517498","11164261288518700,0000000","1,11642612885","9918187602653900,0000000","0,9918187603"
0.6,"10948423832800400,0000000","1,09484238328","8356122226886640,0000000","0,8356122227","9884754999739930,0000000","0,98847549997","10991643179913300,0000000","1,0991643180","10907887959540000,0000000","1,0907887960","11052863695136100,0000000","1,10528636951","9860968022360320,0000000","0,9860968022"
0.61,"10839772706080600,0000000","1,08397727061","8355679159215200,0000000","0,8355679159","9828924120814490,0000000","0,98289241208","10877064031056200,0000000","1,0877064031","10804881811380000,0000000","1,0804881811","10948547740750800,0000000","1,09485477408","9804800811519180,0000000","0,9804800812"
0.62,"10735086516564500,0000000","1,07350865166","8352996385013730,0000000","0,8352996385","9773157617901100,0000000","0,97731576179","10777693425405300,0000000","1,0777693425","10706267434053900,0000000","1,0706267434","10846825224692200,0000000","1,08468252247","9754021365349520,0000000","0,9754021365"
0.63,"10642219294230400,0000000","1,06422192942","8350803239734760,0000000","0,835080324","9718938078611560,0000000","0,97189380786","10678464627761800,0000000","1,0678464628","10615849180659700,0000000","1,0615849181","10746183162612800,0000000","1,07461831626","9699343440485160,0000000","0,9699343440"
0.64,"10550625592353300,0000000","1,05506255924","8346098409971890,0000000","0,834609841","9667603102949250,0000000","0,96676031029","10583046345880600,0000000","1,0583046346","10520197749199800,0000000","1,0520197749","10655460820657900,0000000","1,06554608207","9649368255588930,0000000","0,9649368256"
0.65,"10456292835618200,0000000","1,04562928356","8342297185576660,0000000","0,8342297186","9616296735121270,0000000","0,96162967351","10497788929200300,0000000","1,0497788929","10437993483467600,0000000","1,0437993483","10561478581069000,0000000","1,05614785811","9600863680272020,0000000","0,9600863680"
0.66,"10373288370660100,0000000","1,03732883707","8337550493087420,0000000","0,8337550493","9565912121132920,0000000","0,95659121211","10415815094554600,0000000","1,0415815095","10353222587557100,0000000","1,0353222588","10480638283334800,0000000","1,04806382833","9550535443382360,0000000","0,9550535443"
0.67,"10288701139103300,0000000","1,02887011391","8332479022319730,0000000","0,8332479022","9518616538589420,0000000","0,95186165386","10333431083288200,0000000","1,0333431083","10272740759758700,0000000","1,0272740760","10397638315456100,0000000","1,03976383155","9505760814590760,0000000","0,9505760815"
0.68,"10212051204761200,0000000","1,02120512048","8326680794201650,0000000","0,8326680794","9469873383707390,0000000","0,94698733837","10256771819947900,0000000","1,0256771820","10199052616944600,0000000","1,0199052617","10317538931699000,0000000","1,03175389317","9460334305302950,0000000","0,9460334305"
6.900.000.000.000.000,"10137093642489400,0000000","1,01370936425","8321389383765140,0000000","0,8321389384","9427292560321620,0000000","0,94272925603","10178231489397700,0000000","1,0178231489","10122658443387400,0000000","1,0122658443","10245545135976400,0000000","1,02455451360","9418535781104780,0000000","0,9418535781"
7.000.000.000.000.000,"10069226447294500,0000000","1,00692264473","8315193801815760,0000000","0,8315193802","9384317176906470,0000000","0,93843171769","10109766979632800,0000000","1,0109766980","10056095723442600,0000000","1,0056095723","10172143329447000,0000000","1,01721433294","9375347485855720,0000000","0,9375347486"
0.71,"10002542085680600,0000000","1,00025420857","8309776799027990,0000000","0,8309776799","9341937248534440,0000000","0,93419372485","10040939399032500,0000000","1,0040939399","9990167092568040,0000000","0,9990167093","10107003916766900,0000000","1,01070039168","9336083068320370,0000000","0,9336083068"
0.72,"9932523790251210,0000000","0,99325237903","8304173335272530,0000000","0,8304173335","9302132042725210,0000000","0,93021320427","9975195874155340,0000000","0,9975195874","9922053152610110,0000000","0,9922053153","10038575318029700,0000000","1,00385753180","9296469881007600,0000000","0,9296469881"
0.73,"9867020242139150,0000000","0,98670202421","8298576516617460,0000000","0,8298576517","9264499685256890,0000000","0,92644996853","9913345931305080,0000000","0,9913345931","9862354982797160,0000000","0,9862354983","9977243167080490,0000000","0,99772431671","9260994600399210,0000000","0,9260994600"
0.74,"9808813965400960,0000000","0,98088139654","8293189879525280,0000000","0,829318988","9227013669739940,0000000","0,92270136697","9855018241945900,0000000","0,9855018242","9808355730579090,0000000","0,9808355731","9912494142427020,0000000","0,99124941424","9223351820878930,0000000","0,9223351821"
0.75,"9757736741925280,0000000","0,97577367419","8287541273555300,0000000","0,8287541274","9191643974287510,0000000","0,91916439743","9799758864639990,0000000","0,9799758865","9751269886668780,0000000","0,9751269887","9859441567545760,0000000","0,98594415675","9189498139287030,0000000","0,9189498139"
0.76,"9700089337960530,0000000","0,97000893380","8281870304945080,0000000","0,8281870305","9156471828504550,0000000","0,91564718285","9744601159011580,0000000","0,9744601159","9700052275172590,0000000","0,9700052275","9805853792586370,0000000","0,98058537926","9157469608821310,0000000","0,9157469609"
0.77,"9649861900144320,0000000","0,96498619001","8276754469639340,0000000","0,827675447","9125395785249600,0000000","0,91253957852","9695769810324730,0000000","0,9695769810","9650230423698070,0000000","0,9650230424","9751725324860610,0000000","0,97517253249","9125266961826970,0000000","0,9125266962"
0.78,"9602278510276820,0000000","0,96022785103","8271078593209160,0000000","0,8271078593","9093697075792200,0000000","0,90936970758","9645716921121640,0000000","0,9645716921","9602093822098480,0000000","0,9602093822","9702118652421210,0000000","0,97021186524","9095725612053440,0000000","0,9095725612"
0.79,"9552890802797110,0000000","0,95528908028","8266338724416940,0000000","0,8266338724","9064047296709810,0000000","0,90640472967","9596757393411680,0000000","0,9596757393","9554849712565080,0000000","0,9554849713","9655806842553770,0000000","0,96558068426","9066552719484280,0000000","0,9066552719"
0.8,"9508910095377090,0000000","0,95089100954","8261997359853950,0000000","0,826199736","9036555140827860,0000000","0,90365551408","9550152529547180,0000000","0,9550152530","9510804349946190,0000000","0,9510804350","9609594572541820,0000000","0,96095945725","9039798995606230,0000000","0,9039798996"
0.81,"9463331993774570,0000000","0,94633319938","8256661679732630,0000000","0,825666168","9008255843847790,0000000","0,90082558438","9509375040900990,0000000","0,9509375041","9469624804459250,0000000","0,9469624804","9563280298208510,0000000","0,95632802982","9013662143057400,0000000","0,9013662143"
8.200.000.000.000.000,"9423693849879650,0000000","0,94236938499","8252082367203190,0000000","0,8252082367","8981183227037160,0000000","0,89811832270","9467850883656660,0000000","0,9467850884","9431207829947990,0000000","0,9431207830","9523187236214580,0000000","0,95231872362","8986957881393990,0000000","0,8986957881"
8.300.000.000.000.000,"9383940164768840,0000000","0,93839401648","8248430887796420,0000000","0,8248430888","8956226605909600,0000000","0,89562266059","9429119573199610,0000000","0,9429119573","9392227649423930,0000000","0,9392227649","9483753819529050,0000000","0,94837538195","8963135031513740,0000000","0,8963135032"
0.84,"9350655709600100,0000000","0,93506557096","8245158568009630,0000000","0,8245158568","8931147426852030,0000000","0,89311474269","9389941773186460,0000000","0,9389941773","9358300921068270,0000000","0,9358300921","9448638989595450,0000000","0,94486389896","8938630117061920,0000000","0,8938630117"
0.85,"9311915691436810,0000000","0,93119156914","8240512525591100,0000000","0,8240512526","8910612853599710,0000000","0,89106128536","9355277769643000,0000000","0,9355277770","9322064320151680,0000000","0,9322064320","9410124216143880,0000000","0,94101242161","8917155068438680,0000000","0,8917155068"
0.86,"9278198581497530,0000000","0,92781985815","8237575670013640,0000000","0,823757567","8888377424333520,0000000","0,88883774243","9322178472128490,0000000","0,9322178472","9289842560445090,0000000","0,9289842560","9375385702792570,0000000","0,93753857028","8894304053911280,0000000","0,8894304054"
0.87,"9246740389076520,0000000","0,92467403891","8234310817153110,0000000","0,8234310817","8866355118062780,0000000","0,88663551181","9291226041365710,0000000","0,9291226041","9258636500193750,0000000","0,9258636500","9343098415871590,0000000","0,93430984159","8876237664260910,0000000","0,8876237664"
0.88,"9215960380269530,0000000","0,92159603803","8230733463620580,0000000","0,8230733464","8846758797975020,0000000","0,88467587980","9256793172091520,0000000","0,9256793172","9225284951018100,0000000","0,9225284951","9312893389963260,0000000","0,93128933900","8854530779578880,0000000","0,8854530780"
0.89,"9185962277675070,0000000","0,91859622777","8227598861883700,0000000","0,8227598862","8827668381243830,0000000","0,88276683812","9227149274185990,0000000","0,9227149274","9196669282167310,0000000","0,9196669282","9280415323338840,0000000","0,92804153233","8836715002293710,0000000","0,8836715002"
0.9,"9157255530013180,0000000","0,91572555300","8224992921226120,0000000","0,8224992921","8809031851192770,0000000","0,88090318512","9200860853323570,0000000","0,9200860853","9169804953235520,0000000","0,9169804953","9251764686765910,0000000","0,92517646868","8818511766639520,0000000","0,8818511767"
0.91,"9132577555016670,0000000","0,91325775550","8222066639658720,0000000","0,822206664","8791351712052280,0000000","0,87913517121","9174294151854150,0000000","0,9174294152","9143790980023750,0000000","0,9143790980","9223876694604310,0000000","0,92238766946","8802838587118820,0000000","0,8802838587"
0.92,"9106771634222360,0000000","0,91067716342","8219948058803080,0000000","0,8219948059","8774144305600300,0000000","0,87741443056","9144869494148990,0000000","0,9144869494","9119014233101760,0000000","0,9119014233","9196846998763360,0000000","0,91968469988","8786445547035700,0000000","0,8786445547"
0.93,"9080798134503270,0000000","0,90807981345","8217573072920550,0000000","0,8217573073","8759433851925560,0000000","0,87594338519","9121195597830140,0000000","0,9121195598","9094128025141580,0000000","0,9094128025","9171640967943820,0000000","0,91716409679","8769846370122720,0000000","0,8769846370"
9.400.000.000.000.000,"9057850283503940,0000000","0,90578502835","8215557755625740,0000000","0,8215557756","8744433337792380,0000000","0,87444333378","9097840707986220,0000000","0,9097840708","9070960309458780,0000000","0,9070960309","9149312146857080,0000000","0,91493121469","8755230552639940,0000000","0,8755230553"
9.500.000.000.000.000,"9035236356959950,0000000","0,90352363570","8214023662813950,0000000","0,8214023663","8729287020403640,0000000","0,87292870204","9073528996129460,0000000","0,9073528996","9048407978839870,0000000","0,9048407979","9125101211327830,0000000","0,91251012113","8741987817518880,0000000","0,8741987818"
0.96,"9014260144351440,0000000","0,90142601444","8212430426604910,0000000","0,8212430427","8715021424541110,0000000","0,87150214245","9053731336671530,0000000","0,9053731337","9029358370007660,0000000","0,9029358370","9103544025330520,0000000","0,91035440253","8727580175362500,0000000","0,8727580175"
0.97,"8994067282871770,0000000","0,89940672829","8211492575042140,0000000","0,8211492575","8702794275033810,0000000","0,87027942750","9031898143672540,0000000","0,9031898144","9009933739177690,0000000","0,9009933739","9080554137064150,0000000","0,90805541371","8714347232786610,0000000","0,8714347233"
0.98,"8974285898154490,0000000","0,89742858982","8209675509508660,0000000","0,820967551","8689757739516100,0000000","0,86897577395","9012465403368570,0000000","0,9012465403","8989037174673360,0000000","0,8989037175","9061628505278640,0000000","0,90616285053","8702816519279180,0000000","0,8702816519"
0.99,"8956054681766290,0000000","0,89560546818","8208632087900600,0000000","0,8208632088","8677450158447820,0000000","0,86774501584","8994247794826770,0000000","0,8994247795","8971482537667960,0000000","0,8971482538","9042446127934040,0000000","0,90424461279","8689909295927120,0000000","0,8689909296"
1,"8936649676163840,0000000","0,89366496762","8207938586971800,0000000","0,8207938587","8665630520930750,0000000","0,86656305209","8975272618041760,0000000","0,8975272618","8953949263426910,0000000","0,8953949263","9023220819298510,0000000","0,90232208193","8678971124917870,0000000","0,8678971125"
01.01,"8920625446773150,0000000","0,89206254468","8206527422107020,0000000","0,8206527422","8654851354700430,0000000","0,86548513547","8958372247757760,0000000","0,8958372248","8937279132221680,0000000","0,8937279132","9005629898171330,0000000","0,90056298982","8669245249293690,0000000","0,8669245249"
01.02,"8903914967123560,0000000","0,89039149671","8205819560634530,0000000","0,8205819561","8644659869573330,0000000","0,86446598696","8940521695468470,0000000","0,8940521695","8920427522619600,0000000","0,8920427523","8987936256376570,0000000","0,89879362564","8659156702087700,0000000","0,8659156702"
01.03,"8888441563991590,0000000","0,88884415640","8205430339975770,0000000","0,820543034","8634752950795760,0000000","0,86347529508","8924756437099280,0000000","0,8924756437","8905714219519420,0000000","0,8905714220","8974380475736230,0000000","0,89743804757","8649233742828210,0000000","0,8649233743"
01.04,"8874102836835950,0000000","0,88741028368","8204999397676250,0000000","0,8204999398","8623977856228140,0000000","0,86239778562","8910217052857000,0000000","0,8910217053","8890074108027340,0000000","0,8890074108","8956152501737850,0000000","0,89561525017","8640025250012980,0000000","0,8640025250"
01.05,"8858823611851320,0000000","0,88588236119","8204687207773200,0000000","0,8204687208","8616703088041240,0000000","0,86167030880","8897113140668040,0000000","0,8897113141","8876605136773200,0000000","0,8876605137","8940910152165920,0000000","0,89409101522","8631136551468620,0000000","0,8631136551"
01.06,"8845035265831120,0000000","0,88450352658","8204420192354120,0000000","0,8204420192","8607741198921720,0000000","0,86077411989","8880423251543510,0000000","0,8880423252","8863130740349000,0000000","0,8863130740","8926573934081250,0000000","0,89265739341","8622496361656790,0000000","0,8622496362"
01.07,"8831797829363940,0000000","0,88317978294","8204253879144580,0000000","0,8204253879","8598708586598970,0000000","0,85987085866","8867199769907560,0000000","0,8867199770","8850394456692260,0000000","0,8850394457","8913556958875290,0000000","0,89135569589","8614050856961530,0000000","0,8614050857"
01.08,"8819652113746340,0000000","0,88196521137","8204673021354310,0000000","0,8204673021","8591735372628730,0000000","0,85917353726","8853997516463790,0000000","0,8853997516","8837352388360420,0000000","0,8837352388","8899622248833310,0000000","0,88996222488","8607359765154530,0000000","0,8607359765"
01.09,"8808697757481470,0000000","0,88086977575","8204884519348630,0000000","0,8204884519","8584192854170080,0000000","0,85841928542","8841287970724980,0000000","0,8841287971","8825524738845400,0000000","0,8825524739","8887204079375440,0000000","0,88872040794","8600069201790470,0000000","0,8600069202"
1.1,"8796417079243590,0000000","0,87964170792","8204827410190770,0000000","0,820482741","8577691570016900,0000000","0,85776915700","8829327704365690,0000000","0,8829327704","8814569011626090,0000000","0,8814569012","8873529088058640,0000000","0,88735290881","8593343182194100,0000000","0,8593343182"
1.11,"8784971360988610,0000000","0,87849713610","8205487439395030,0000000","0,8205487439","8571338428294650,0000000","0,85713384283","8818239986066250,0000000","0,8818239986","8805318474154760,0000000","0,8805318474","8863704111103040,0000000","0,88637041111","8587009866261850,0000000","0,8587009866"
1.12,"8776321273761590,0000000","0,87763212738","8205129692058720,0000000","0,8205129692","8564754582266310,0000000","0,85647545823","8807083772598780,0000000","0,8807083773","8794008692115550,0000000","0,8794008692","8851881190933100,0000000","0,88518811909","8579314876534350,0000000","0,8579314877"
11.300.000.000.000.000,"8764484160749690,0000000","0,87644841607","8206289115385540,0000000","0,8206289115","8558820610889960,0000000","0,85588206109","8797020012745290,0000000","0,8797020013","8783242261513090,0000000","0,8783242262","8840565637173510,0000000","0,88405656372","8574345389889110,0000000","0,8574345390"
11.400.000.000.000.000,"8755282119446580,0000000","0,87552821194","8207087301345010,0000000","0,8207087301","8552865915630900,0000000","0,85528659156","8786594484220680,0000000","0,8786594484","8775086537892790,0000000","0,8775086538","8830182038018110,0000000","0,88301820380","8568959426024720,0000000","0,8568959426"
11.500.000.000.000.000,"8746513355447600,0000000","0,87465133554","8208070195428100,0000000","0,8208070195","8546905134203060,0000000","0,85469051342","8777241645801680,0000000","0,8777241646","8765906535719390,0000000","0,8765906536","8819847249475850,0000000","0,88198472495","8563369467928130,0000000","0,8563369468"
1.16,"8738029099766520,0000000","0,87380290998","8209139865635290,0000000","0,8209139866","8541649598148020,0000000","0,85416495981","8767739700415000,0000000","0,8767739700","8756832828968790,0000000","0,8756832829","8810916318996360,0000000","0,88109163190","8558440547806570,0000000","0,8558440548"
1.17,"8729320468385810,0000000","0,87293204684","8209933938509480,0000000","0,8209933939","8537404555239000,0000000","0,85374045552","8759197491759960,0000000","0,8759197492","8748442324848080,0000000","0,8748442325","8802287921555750,0000000","0,88022879216","8553800628482920,0000000","0,8553800628"
1.18,"8721314321698150,0000000","0,87213143217","8210682160213600,0000000","0,821068216","8533314267717790,0000000","0,85333142677","8750441512205610,0000000","0,8750441512","8740503020469730,0000000","0,8740503020","8793307288895030,0000000","0,87933072889","8549223330890150,0000000","0,8549223331"
1.19,"8713119707473530,0000000","0,87131197075","8211674646714660,0000000","0,8211674647","8528748904327650,0000000","0,85287489043","8742756717004740,0000000","0,8742756717","8732434701086740,0000000","0,8732434701","8785425367310280,0000000","0,87854253673","8545601111020370,0000000","0,8545601111"
1.2,"8707127720202550,0000000","0,87071277202","8212921582900800,0000000","0,8212921583","8524687366236950,0000000","0,85246873662","8734231199445110,0000000","0,8734231199","8725981742714920,0000000","0,8725981743","8776336534395720,0000000","0,87763365344","8541515751364760,0000000","0,8541515751"
1.21,"8698944029430130,0000000","0,86989440294","8214047219698490,0000000","0,821404722","8521017864715860,0000000","0,85210178647","8727751187059710,0000000","0,8727751187","8719780080004800,0000000","0,8719780080","8768912297020470,0000000","0,87689122970","8537514966880970,0000000","0,8537514967"
1.22,"8693482748613860,0000000","0,86934827486","8215658902081440,0000000","0,8215658902","8517990893343980,0000000","0,85179908933","8719938772983870,0000000","0,8719938773","8711790948401440,0000000","0,8711790948","8761847319816210,0000000","0,87618473198","8534570445127670,0000000","0,8534570445"
1.23,"8686163310114230,0000000","0,86861633101","8216717271858890,0000000","0,8216717272","8514384439711520,0000000","0,85143844397","8712951704711890,0000000","0,8712951705","8705490776511530,0000000","0,8705490777","8754720845660960,0000000","0,87547208457","8530745478515650,0000000","0,8530745479"
1.24,"8679694076599010,0000000","0,86796940766","8218292551924870,0000000","0,8218292552","8510804203114260,0000000","0,85108042031","8705871054055330,0000000","0,8705871054","8699508954644360,0000000","0,8699508955","8747422710485010,0000000","0,87474227105","8528126886983510,0000000","0,8528126887"
1.25,"8673711917686250,0000000","0,86737119177","8220003888572230,0000000","0,8220003889","8507446888640830,0000000","0,85074468886","8699799827853960,0000000","0,8699799828","8694206348310900,0000000","0,8694206348","8741123313139770,0000000","0,87411233131","8525298585701430,0000000","0,8525298586"
1.26,"8668744945843340,0000000","0,86687449458","8221508883086500,0000000","0,8221508883","8505738593249930,0000000","0,85057385932","8694547437190820,0000000","0,8694547437","8688165090657080,0000000","0,8688165091","8736058039186110,0000000","0,87360580392","8521616145475070,0000000","0,8521616145"
1.27,"8663220697593420,0000000","0,86632206976","8223249232756930,0000000","0,8223249233","8502894051048050,0000000","0,85028940510","8687894755709460,0000000","0,8687894756","8682854401652280,0000000","0,8682854402","8728581816191440,0000000","0,87285818162","8519882166024900,0000000","0,8519882166"
1.28,"8658271790225410,0000000","0,86582717902","8224772509349100,0000000","0,8224772509","8500043905954540,0000000","0,85000439060","8682579707953020,0000000","0,8682579708","8677826984960880,0000000","0,8677826985","8722301574527820,0000000","0,87223015745","8517101864950540,0000000","0,8517101865"
1.29,"8653931549783400,0000000","0,86539315498","8226467162869930,0000000","0,8226467163","8497818712979240,0000000","0,84978187130","8676918243310210,0000000","0,8676918243","8672801165502460,0000000","0,8672801166","8717071830136290,0000000","0,87170718301","8515083936231000,0000000","0,8515083936"
1.3,"8649061741647620,0000000","0,86490617416","8228222702320220,0000000","0,8228222702","8495388919761900,0000000","0,84953889198","8671284724481700,0000000","0,8671284724","8668365105805090,0000000","0,8668365106","8712394450442350,0000000","0,87123944504","8512213460552540,0000000","0,8512213461"
1.31,"8644079423605590,0000000","0,86440794236","8229772670931000,0000000","0,8229772671","8493101677521950,0000000","0,84931016775","8667114554340890,0000000","0,8667114554","8663714686268420,0000000","0,8663714686","8706582791218400,0000000","0,87065827912","8510391719147750,0000000","0,8510391719"
1.32,"8640776353418990,0000000","0,86407763534","8231522807241690,0000000","0,8231522807","8491705523606470,0000000","0,84917055236","8661507853653820,0000000","0,8661507854","8659933052147440,0000000","0,8659933052","8701779351508320,0000000","0,87017793515","8509180598140080,0000000","0,8509180598"
1.33,"8636578715031290,0000000","0,86365787150","8233971616731990,0000000","0,8233971617","8489409839138770,0000000","0,84894098391","8657787831807620,0000000","0,8657787832","8655383823560330,0000000","0,8655383824","8697697189491780,0000000","0,86976971895","8507057980149560,0000000","0,8507057980"
1.34,"8631589486078090,0000000","0,86315894861","8235829295496550,0000000","0,8235829295","8488442443736640,0000000","0,84884424437","8653973230872530,0000000","0,8653973231","8651524874043460,0000000","0,8651524874","8692782159784110,0000000","0,86927821598","8505791020587470,0000000","0,8505791021"
1.35,"8627985935937090,0000000","0,86279859359","8237977630693220,0000000","0,8237977631","8486804169568640,0000000","0,84868041696","8649461396349070,0000000","0,8649461396","8648050145771510,0000000","0,8648050146","8688327741889000,0000000","0,86883277419","8504648039539020,0000000","0,8504648040"
1.36,"8624891606416960,0000000","0,86248916064","8239399384095390,0000000","0,8239399384","8485873418851220,0000000","0,84858734189","8645242511631110,0000000","0,8645242512","8644523836169660,0000000","0,8644523836","8684180623844110,0000000","0,86841806238","8502873093827780,0000000","0,8502873094"
1.37,"8621541551167580,0000000","0,86215415512","8241609402780440,0000000","0,8241609403","8484650121156790,0000000","0,84846501212","8640623217647240,0000000","0,8640623218","8640826936179960,0000000","0,8640826936","8680579758823780,0000000","0,86805797588","8501983069894170,0000000","0,8501983070"
13.800.000.000.000.000,"8617971038783920,0000000","0,86179710388","8243867681641690,0000000","0,8243867682","8483899405111450,0000000","0,84838994051","8637333194158400,0000000","0,8637333194","8638590902791390,0000000","0,8638590903","8676207625529350,0000000","0,86762076255","8501286964919720,0000000","0,8501286965"
13.900.000.000.000.000,"8615439147726980,0000000","0,86154391477","8245543834565740,0000000","0,8245543835","8482281243829540,0000000","0,84822812438","8633820296730510,0000000","0,8633820297","8634657414581300,0000000","0,8634657415","8672920307465580,0000000","0,86729203075","8500256114144980,0000000","0,8500256114"
14.000.000.000.000.000,"8612697493518500,0000000","0,86126974935","8247934720585640,0000000","0,8247934721","8482127999919190,0000000","0,84821279999","8631006570600060,0000000","0,8631006571","8632342851597670,0000000","0,8632342852","8670191769387400,0000000","0,86701917694","8499770060679290,0000000","0,8499770061"
1.41,"8609865056599020,0000000","0,86098650566","8250208027953070,0000000","0,8250208028","8481144891760360,0000000","0,84811448918","8626997154424710,0000000","0,8626997154","8629529174874640,0000000","0,8629529175","8666250157664300,0000000","0,86662501577","8498342971818470,0000000","0,8498342972"
1.42,"8607524849583750,0000000","0,86075248496","8252318294665800,0000000","0,8252318295","8480505239598980,0000000","0,84805052396","8624719191372270,0000000","0,8624719191","8626938452904430,0000000","0,8626938453","8662440000631240,0000000","0,86624400006","8497660803238040,0000000","0,8497660803"
1.43,"8604603852181470,0000000","0,86046038522","8254529015526370,0000000","0,8254529016","8480060390972020,0000000","0,84800603910","8620986404654210,0000000","0,8620986405","8624365012641900,0000000","0,8624365013","8659628858311770,0000000","0,86596288583","8497284217298480,0000000","0,8497284217"
1.44,"8601983912276890,0000000","0,86019839123","8257181988282290,0000000","0,8257181988","8479556714553700,0000000","0,84795567146","8619040622929690,0000000","0,8619040623","8622466546986980,0000000","0,8622466547","8657405390119430,0000000","0,86574053901","8496606046057630,0000000","0,8496606046"
1.45,"8600307848558610,0000000","0,86003078486","8259294835932910,0000000","0,8259294836","8478475368521830,0000000","0,84784753685","8616626376064910,0000000","0,8616626376","8620276550417370,0000000","0,8620276550","8653450402064930,0000000","0,86534504021","8496489960433750,0000000","0,8496489960"
1.46,"8598145780789620,0000000","0,85981457808","8261290350033300,0000000","0,826129035","8478037490231380,0000000","0,84780374902","8613625825619280,0000000","0,8613625826","8618151693526650,0000000","0,8618151694","8651605616372570,0000000","0,86516056164","8495796454886890,0000000","0,8495796455"
1.47,"8596903275014290,0000000","0,85969032750","8264196287265490,0000000","0,8264196287","8478654264906980,0000000","0,84786542649","8611695849399040,0000000","0,8611695849","8616749250784700,0000000","0,8616749251","8649180438497950,0000000","0,86491804385","8496428036195010,0000000","0,8496428036"
1.48,"8595005317243730,0000000","0,85950053172","8266442374553450,0000000","0,8266442375","8479144405253880,0000000","0,84791444053","8608687854628780,0000000","0,8608687855","8614860014501390,0000000","0,8614860015","8645698119283310,0000000","0,86456981193","8496819852964240,0000000","0,8496819853"
1.49,"8593535728423700,0000000","0,85935357284","8268918722833890,0000000","0,8268918723","8478593792069930,0000000","0,84785937921","8607768789068680,0000000","0,8607768789","8613228299853500,0000000","0,8613228300","8644703871474740,0000000","0,86447038715","8496218225327190,0000000","0,8496218225"
1.5,"8591879589434690,0000000","0,85918795894","8270983458138420,0000000","0,8270983458","8478561854214680,0000000","0,84785618542","8605702561264820,0000000","0,8605702561","8611540684012770,0000000","0,8611540684","8642430722877290,0000000","0,86424307229","8496151231495830,0000000","0,8496151231"